{
    "results": {
        "tool": {
            "name": "pytest",
            "version": "8.4.1"
        },
        "summary": {
            "tests": 2,
            "passed": 2,
            "failed": 0,
            "skipped": 0,
            "pending": 0,
            "other": 0,
            "start": 1784129215.3467746,
            "stop": 1784129215.3665783
        },
        "tests": [
            {
                "name": "test_outputs.py::test_report_exists",
                "status": "passed",
                "duration": 0.0005613249999214531,
                "start": 1784129215.362775,
                "stop": 1784129215.3642118,
                "retries": 0,
                "file_path": "test_outputs.py"
            },
            {
                "name": "test_outputs.py::test_report_nonempty",
                "status": "passed",
                "duration": 0.0004461190000597526,
                "start": 1784129215.3644705,
                "stop": 1784129215.3658412,
                "retries": 0,
                "file_path": "test_outputs.py"
            }
        ]
    }
}