{
    "results": {
        "tool": {
            "name": "pytest",
            "version": "8.4.1"
        },
        "summary": {
            "tests": 2,
            "passed": 2,
            "failed": 0,
            "skipped": 0,
            "pending": 0,
            "other": 0,
            "start": 1784129919.2146506,
            "stop": 1784129919.2403467
        },
        "tests": [
            {
                "name": "test_outputs.py::test_report_exists",
                "status": "passed",
                "duration": 0.0006492999999991866,
                "start": 1784129919.2360737,
                "stop": 1784129919.2378333,
                "retries": 0,
                "file_path": "test_outputs.py"
            },
            {
                "name": "test_outputs.py::test_report_nonempty",
                "status": "passed",
                "duration": 0.0005924000000021579,
                "start": 1784129919.2382126,
                "stop": 1784129919.2396212,
                "retries": 0,
                "file_path": "test_outputs.py"
            }
        ]
    }
}