{
    "results": {
        "tool": {
            "name": "pytest",
            "version": "8.4.1"
        },
        "summary": {
            "tests": 2,
            "passed": 2,
            "failed": 0,
            "skipped": 0,
            "pending": 0,
            "other": 0,
            "start": 1784130574.993908,
            "stop": 1784130575.005902
        },
        "tests": [
            {
                "name": "test_outputs.py::test_report_exists",
                "status": "passed",
                "duration": 0.00047731999995903607,
                "start": 1784130575.0026948,
                "stop": 1784130575.0037959,
                "retries": 0,
                "file_path": "test_outputs.py"
            },
            {
                "name": "test_outputs.py::test_report_nonempty",
                "status": "passed",
                "duration": 0.0004976210001359505,
                "start": 1784130575.004074,
                "stop": 1784130575.0052044,
                "retries": 0,
                "file_path": "test_outputs.py"
            }
        ]
    }
}